genomic_feature(s)	population1_pct	population2_pct	pvalue	padj	Log2_fold_change	SiteLocation	NumSites	FC_direction
Cd47:16:49896378-49911102:1	UTR3	0.821782178217822	0.378486055776892	5.57054248374621e-93	2.77023077716699e-89	1.52138734929657	1	3	Up
Col1a2:6:4541111-4541544:1	UTR3	0.985148514851485	0.51261620185923	2.01733870546981e-88	5.01611269115068e-85	1.18653341920136	3	3	Up
Gnb1:4:155557185-155557862:1	UTR3	0.930693069306931	0.339973439575033	2.06715547273323e-59	1.2849955207378e-56	1.00025767106617	1	2	Up
Sept8:11:53541489-53541927:1	UTR3	0.376237623762376	0.0385126162018592	2.08262178123098e-39	7.9668293215859e-37	2.88318200989509	1	2	Up
Col1a1:11:94952644-94953042:1	UTR3	0.871287128712871	0.362549800796813	5.16894752464963e-30	9.88660616926254e-28	0.839003696574247	3	3	Up
Sar1a:10:61686352-61691460:1	UTR3	0.831683168316832	0.183266932270916	1.88504345355045e-29	3.4719707757431e-27	0.988223755361965	1	3	Up
Sdc2:15:33023724-33032643:1	UTR3	0.896039603960396	0.599601593625498	4.83470170512812e-29	8.29067985503523e-27	0.635041294445332	1	2	Up
Smg6:11:75159319-75163103:1	UTR3	0.425742574257426	0.00398406374501992	5.74348330184003e-24	7.71955201622986e-22	2.62838305914524	1	2	Up
Map1lc3b:8:121596600-121597026:1	UTR3	0.930693069306931	0.557104913678619	6.26156935742615e-23	7.07699645783642e-21	0.974884453305519	1	2	Up
Parva:7:112579737-112589066:1	UTR3	0.608910891089109	0.0677290836653386	2.2382923647271e-21	2.41978868038867e-19	1.22527210548722	1	3	Up
Parva:7:112588532-112589012:1	UTR3	0.589108910891089	0.0590969455511288	7.22375058042957e-21	7.33136972172984e-19	1.3001999640236	2	3	Up
Dnajc3:14:118976812-118978185:1	UTR3	0.564356435643564	0.0677290836653386	2.17377675209363e-19	1.78987309599176e-17	1.31285326942806	1	4	Up
Tmbim6:15:99406143-99408638:1	UTR3	0.900990099009901	0.264940239043825	4.44794554664066e-18	3.30143779155881e-16	0.689210266693103	1	2	Up
Lbh:17:72918560-72939615:1	UTR3	0.49009900990099	0.0604249667994688	4.81906117540279e-15	2.44542767604878e-13	1.27071083129154	1	2	Up
Luc7l2:6:38603475-38603901:1	UTR3	0.5	0.100265604249668	3.43932799767186e-14	1.59848393760955e-12	1.17472806427482	1	3	Up
Kdelr2:5:143419579-143421144:1	UTR3	0.896039603960396	0.181274900398406	5.01044566808058e-14	2.22472734887185e-12	0.662909110821995	1	2	Up
Fstl1:16:37831455-37834135:1	UTR3	0.688118811881188	0.171314741035857	5.17642338862602e-14	2.27808438156082e-12	0.805926821079618	1	2	Up
Sept11:5:93174523-93174991:1	UTR3	0.653465346534653	0.146082337317397	1.77290357038249e-13	7.22676184878041e-12	0.907126394975693	3	3	Up
Mcl1:3:95660590-95661079:1	UTR3	0.316831683168317	0.0451527224435591	4.21659502096235e-13	1.67753016313966e-11	1.64812107520228	1	3	Up
Mcl1:3:95661522-95661966:1	UTR3	0.5	0.138778220451527	9.56401309330394e-08	1.59603480244968e-06	0.670634083009109	2	3	Up
Seh1l:18:67793180-67793624:1	UTR3	0.5	0.0577689243027888	5.58563015685543e-13	2.17010459140953e-11	1.02549015422453	1	2	Up
Cdc42se1:3:95234466-95234916:1	UTR3	0.564356435643564	0.0849933598937583	6.30426048318971e-13	2.43031685138778e-11	0.848522289814972	2	3	Up
Atp6v1g1:4:63549861-63550239:1	UTR3	0.707920792079208	0.254316069057105	1.11817856604163e-12	4.14977761860077e-11	0.641074507677572	2	3	Up
Atp6v1g1:4:63548555-63550259:1	UTR3	0.727722772277228	0.293492695883134	1.69903356874602e-10	4.49430528583722e-09	0.506577148466266	1	3	Up
Tmem248:5:130238348-130241491:1	UTR3	0.618811881188119	0.0929614873837981	1.14276297362889e-11	3.71435311624606e-10	0.736360782033673	1	2	Up
Mapre1:2:153766906-153767386:1	UTR3	0.861386138613861	0.195219123505976	1.98160585705151e-11	6.04572142767922e-10	0.79259466267747	1	5	Up
Loxl2:14:69693277-69693745:1	UTR3	0.643564356435644	0.0458167330677291	3.81364515958982e-11	1.1026312429442e-09	1.43342230096326	2	4	Up
Loxl2:14:69690160-69693269:1	UTR3	0.801980198019802	0.150730411686587	0.000433235058355699	0.00288130174137372	0.505755235267915	1	4	Up
Tmem106b:6:13084643-13085105:1	UTR3	0.356435643564356	0.0703851261620186	4.63944831799006e-11	1.31839865630655e-09	1.06741292826083	1	2	Up
Ctdsp2:10:126996785-126997337:1	UTR3	0.326732673267327	0.0424966799468791	1.09474648016808e-10	2.95879035101949e-09	1.46594107932815	2	3	Up
Ctdsp2:10:126996343-126996805:1	UTR3	0.103960396039604	0.0132802124833997	0.000307879563357151	0.00212650703968766	1.50627545865039	1	3	Up
Nudt5:2:5868320-5868752:1	UTR3	0.698019801980198	0.0644090305444887	1.51873132862105e-10	4.03885074718314e-09	0.522009239927002	2	3	Up
H1f0:15:79029012-79029468:1	UTR3	0.613861386138614	0.158698539176627	4.54843191850654e-10	1.15996676567862e-08	0.704389434410906	1	2	Up
Wbp5:X:136246941-136247085:1	UTR3	0.861386138613861	0.183930942895086	4.76975886554226e-10	1.21020463460927e-08	0.595895828651371	2	2	Up
Dda1:8:71474671-71475115:1	UTR3	0.559405940594059	0.097609561752988	6.1566863902334e-10	1.53086007093153e-08	0.766914453674502	1	2	Up
Fyttd1:16:32905647-32906541:1	UTR3	0.475247524752475	0.123505976095618	9.96896541798134e-10	2.40658568075831e-08	0.799798619577481	2	4	Up
Fyttd1:16:32906220-32906704:1	UTR3	0.262376237623762	0.0451527224435591	2.53124791941998e-05	0.000249265265411397	0.979944336647038	3	4	Up
Fyttd1:16:32907568-32908132:1	UTR3	0.465346534653465	0.116865869853918	2.67201907336688e-05	0.000262089760391588	0.558946229169486	4	4	Up
Ywhab:2:164015198-164016864:1	UTR3	0.722772277227723	0.171314741035857	1.34194820491517e-09	3.13310254602963e-08	0.616935314028431	1	3	Up
Get4:5:139267397-139269353:1	UTR3	0.534653465346535	0.0763612217795485	1.94461225235372e-09	4.49793336323491e-08	0.741704593262329	1	2	Up
Nxf1:19:8770232-8770936:1	UTR3	0.485148514851485	0.112217795484728	2.97231233652825e-09	6.54040232281195e-08	0.738286607458285	1	3	Up
Nxf1:19:8770513-8770921:1	UTR3	0.48019801980198	0.109561752988048	4.32497587178688e-09	9.43337939052462e-08	0.739030729723606	2	3	Up
Vma21:X:71816886-71821098:1	UTR3	0.658415841584158	0.154714475431607	4.95883736173756e-09	1.07339117054371e-07	0.606891137742041	1	6	Up
Vma21:X:71820031-71821091:1	UTR3	0.648514851485149	0.153386454183267	1.13133474994294e-08	2.27778449856933e-07	0.596589531019012	2	6	Up
Cggbp1:16:64855699-64856184:1	UTR3	0.430693069306931	0.0577689243027888	1.11277978237206e-08	2.24953408851067e-07	0.954009207688068	1	2	Up
Tomm70a:16:57152612-57153056:1	UTR3	0.554455445544555	0.0810092961487384	1.63364935107505e-08	3.13673290459314e-07	0.543822290032774	1	2	Up
Kctd20:17:28967520-28967952:1	UTR3	0.396039603960396	0.0571049136786189	1.90161697793235e-08	3.59571909933748e-07	0.921046208221612	1	2	Up
Armcx3:X:134759670-134760126:1	UTR3	0.608910891089109	0.166666666666667	4.45627887203319e-08	8.02937493863082e-07	0.610660410061314	1	2	Up
Ergic1:17:26641562-26655375:1	UTR3	0.48019801980198	0.0664010624169987	4.98628125916433e-08	8.85599167922294e-07	0.9173323516882	1	3	Up
Cyb5b:8:107183661-107184147:1	UTR3	0.599009900990099	0.0936254980079681	6.00632516402991e-08	1.02998120830071e-06	0.618685794411044	1	3	Up
Crispld2:8:120050527-120050981:1	UTR3	0.143564356435644	0.146082337317397	1.17672218088731e-07	1.93769516740152e-06	1.50125416662256	1	2	Up
Fam198b:3:79941111-79942119:1	UTR3	0.267326732673267	0.0358565737051793	1.26045375774136e-07	2.03514173287266e-06	1.24660578851662	2	3	Up
Klf2:8:72321406-72321568:1	UTR3	0.287128712871287	0.318725099601594	1.62787232174549e-07	2.58639266966144e-06	0.726606551267325	2	2	Up
Fkbp9:6:56878078-56878558:1	UTR3	0.415841584158416	0.0730411686586985	1.80830200325058e-07	2.85963416721539e-06	0.988482454446757	1	2	Up
Pdgfra:5:75195403-75195907:1	UTR3	0.252475247524752	0.0876494023904383	2.04447357970468e-07	3.17005312057986e-06	1.09912383268163	1	2	Up
Cdc42bpa:1:180162113-180162623:1	UTR3	0.202970297029703	0.0166002656042497	2.81974168512721e-07	4.21098360364492e-06	1.54913132540628	1	2	Up
Angptl2:2:33246083-33246587:1	UTR3	0.306930693069307	0.121513944223108	3.66124518863188e-07	5.35510950678422e-06	0.945097283776223	1	2	Up
Ube2j1:4:33045114-33050071:1	UTR3	0.584158415841584	0.0916334661354582	4.18381841174238e-07	6.03076201785358e-06	0.626674617962887	1	2	Up
Ctgf:10:24596401-24597921:1	UTR3	0.386138613861386	0.0199203187250996	4.36431645707907e-07	6.27275888469775e-06	1.22888406532443	1	2	Up
Eif4b:15:102094639-102095439:1	UTR3	0.495049504950495	0.0849933598937583	5.29461882912707e-07	7.45896301338496e-06	0.733178551502363	2	4	Up
Eif4b:15:102093660-102095449:1	UTR3	0.495049504950495	0.0876494023904383	1.25006083651066e-06	1.68014933512635e-05	0.700059729632317	1	4	Up
Nedd4:9:72747747-72748209:1	UTR3	0.346534653465347	0.0418326693227092	6.66617818466213e-07	9.31205171694517e-06	1.49591707762588	2	3	Up
Habp4:13:64184509-64185450:1	UTR3	0.188118811881188	0.0212483399734396	8.67180298744935e-07	1.17827530755698e-05	1.11711077439058	2	3	Up
Habp4:13:64182201-64185449:1	UTR3	0.193069306930693	0.0225763612217795	3.14309974571073e-06	3.90765875885486e-05	1.06346590762598	1	3	Up
Kmt2e:5:23485516-23486351:1	UTR3	0.108910891089109	0.00863213811420983	1.3483324287875e-06	1.80248848611834e-05	2.41203016210885	2	2	Up
Ccdc50:16:27446309-27446909:1	UTR3	0.193069306930693	0.0351925630810093	1.5165180150233e-06	2.0111050903229e-05	1.36682091005757	2	4	Up
Agap1:1:89889191-89889965:1	UTR3	0.133663366336634	0.0830013280212483	3.01735442056611e-06	3.77461530879345e-05	0.892863152992195	1	2	Up
Cab39l:14:59539096-59547369:1	UTR3	0.450495049504951	0.0750332005312085	3.18136939402739e-06	3.94537406396464e-05	0.565791677731281	1	2	Up
Huwe1:X:151932930-151934531:1	UTR3	0.242574257425743	0.051128818061089	3.67889510384762e-06	4.41598287954568e-05	0.934188163681479	1	2	Up
Camk2d:3:126842715-126843129:1	UTR3	0.138613861386139	0.0239043824701195	4.95625026810265e-06	5.77223245509941e-05	1.55358565418087	1	3	Up
Il13ra1:X:36168998-36169460:1	UTR3	0.396039603960396	0.0152722443559097	6.29914402086548e-06	7.23207420580722e-05	1.09410130361055	1	2	Up
Vps29:5:122362097-122362859:1	UTR3	0.702970297029703	0.183930942895086	8.39855897098844e-06	9.38562556465742e-05	0.545667983226046	1	3	Up
Mff:1:82750427-82751780:1	UTR3	0.301980198019802	0.0431606905710491	1.40087933874842e-05	0.000145744204008283	0.997167174571624	2	3	Up
Spg20:3:55135507-55136011:1	UTR3	0.311881188118812	0.0670650730411687	1.70049945137232e-05	0.000172936273449377	0.849162094748058	2	4	Up
Celf1:2:91016675-91017059:1	UTR3	0.103960396039604	0.00332005312084993	1.94083357950685e-05	0.00019498515941187	2.77520713947206	1	4	Up
Wipi2:5:142666116-142667193:1	UTR3	0.247524752475248	0.0338645418326693	2.01025721682219e-05	0.000201552603614047	1.28574572908811	1	5	Up
Fgfr1op2:6:146597323-146597785:1	UTR3	0.306930693069307	0.0405046480743692	3.26463315278569e-05	0.00031402361061515	0.975263343565019	1	2	Up
Bcl7b:5:135173085-135173433:1	UTR3	0.163366336633663	0.0239043824701195	3.32545394519486e-05	0.000319256418329228	1.07484304622535	2	2	Up
Bcl7b:5:135171021-135173468:1	UTR3	0.188118811881188	0.0351925630810093	0.000527433255992565	0.0033670418254827	0.693870477046826	1	2	Up
Pura:18:36288570-36289020:1	UTR3	0.391089108910891	0.155378486055777	3.53510477383973e-05	0.000334858591243904	0.632397231297811	2	3	Up
Gfpt1:6:87087234-87088326:1	UTR3	0.173267326732673	0.00730411686586985	4.10616497790585e-05	0.000380259933615005	1.35912083279036	2	3	Up
Gfpt1:6:87086359-87088315:1	UTR3	0.207920792079208	0.0126162018592297	0.000731017243535193	0.00448808487913644	0.787956733211294	1	3	Up
Xpo1:11:23294087-23296272:1	UTR3	0.485148514851485	0.0365205843293493	4.207381819396e-05	0.000388187565637409	0.67624634029089	1	2	Up
Oaz2:9:65689045-65689489:1	UTR3	0.178217821782178	0.0185922974767596	4.31548437212386e-05	0.000396689533873788	1.45292044406867	1	2	Up
Socs5:17:87136222-87136648:1	UTR3	0.138613861386139	0.00398406374501992	5.01600178578748e-05	0.000451894508708716	2.26160670988505	1	2	Up
Rtn4:11:29741890-29742291:1	UTR3	0.544554455445545	0.0903054448871182	5.21859874066565e-05	0.000468449305727984	0.624902208203414	1	2	Up
Creb1:1:64597173-64598049:1	UTR3	0.128712871287129	0.0119521912350598	5.34457604412597e-05	0.000478893273287179	1.42919338827942	1	2	Up
Fam129a:1:151718892-151719360:1	UTR3	0.257425742574257	0.0922974767596282	5.37525719347747e-05	0.000480250963992953	0.794662954241462	2	3	Up
Ankrd13c:3:158003609-158006290:1	UTR3	0.242574257425743	0.0332005312084993	5.60705440059851e-05	0.000497736431008403	0.846347544448565	1	2	Up
Sephs1:2:4905560-4906961:1	UTR3	0.257425742574257	0.0139442231075697	6.42549750554036e-05	0.000558636347815598	1.22401395590292	1	3	Up
Acvrl1:15:101144882-101145336:1	UTR3	0.410891089108911	0.150730411686587	7.37967302406688e-05	0.000629487374763029	0.579116143941167	2	2	Up
Spin1:13:51149660-51150104:1	UTR3	0.242574257425743	0.0385126162018592	0.000113041079754168	0.000905491994148318	0.986718905266805	2	3	Up
Spin1:13:51144382-51149238:1	UTR3	0.178217821782178	0.0305444887118194	0.00115196442034109	0.00662279660388006	0.941490017728376	1	3	Up
Rsl24d1:9:73122191-73122641:1	UTR3	0.123762376237624	0.00730411686586985	0.000125808360963028	0.000988380693632128	1.87622427678671	1	2	Up
Alkbh5:11:60555491-60555923:1	UTR3	0.252475247524752	0.0537848605577689	0.000129623992948189	0.00101514979044306	0.991679585977345	2	3	Up
Smarcc2:10:128488862-128489416:1	UTR3	0.202970297029703	0.052456839309429	0.000134285160218286	0.0010450705817927	0.909800603291286	1	2	Up
Prcp:7:92928597-92933215:1	UTR3	0.113861386138614	0.00664010624169987	0.000136069096143869	0.00105729939863041	1.78585809734066	1	2	Up
Pros1:16:62927968-62928406:1	UTR3	0.257425742574257	0.051128818061089	0.000136518360588994	0.00105913542466313	0.894363812902082	1	2	Up
Slain2:5:72976059-72976503:1	UTR3	0.252475247524752	0.0531208499335989	0.000143945105566286	0.00110129078458637	1.00159902905428	1	3	Up
Gpc6:14:117974957-117975487:1	UTR3	0.311881188118812	0.112881806108898	0.000158539157908272	0.00119095956537437	0.679119749968676	1	2	Up
Ap2b1:11:83402586-83403048:1	UTR3	0.143564356435644	0.0159362549800797	0.000188817270637248	0.0013869841755968	1.35257346754985	1	2	Up
Spata6:4:111822658-111828462:1	UTR3	0.163366336633663	0.0152722443559097	0.000200651098949978	0.00146525391347759	1.30586566914021	1	2	Up
Zfand3:17:30207990-30208434:1	UTR3	0.306930693069307	0.0597609561752988	0.000223100918018537	0.00160794328305244	0.683392825611632	1	2	Up
Timp3:10:86346612-86347074:1	UTR3	0.0891089108910891	0.100929614873838	0.000230250087856286	0.0016475304847616	1.21481108612262	2	5	Up
Selt:3:58590584-58591088:1	UTR3	0.321782178217822	0.0398406374501992	0.00023231113452332	0.00165750828118288	0.848613967764792	1	3	Up
Vapb:2:173776094-173778385:1	UTR3	0.202970297029703	0.0252324037184595	0.000258461023385158	0.00181800094666816	1.10301786219105	1	2	Up
Rab5a:17:53506361-53506919:1	UTR3	0.173267326732673	0.0232403718459495	0.000263430771098438	0.00184773092337451	1.17566823447882	1	2	Up
Arl8b:6:108821987-108822407:1	UTR3	0.252475247524752	0.0298804780876494	0.000268003255681756	0.00187715519789489	0.973095134071937	1	2	Up
Csnk2a1:2:152279937-152280363:1	UTR3	0.252475247524752	0.0531208499335989	0.000281285271796507	0.00196465120315173	1.07624218246765	2	4	Up
Stk11:10:80130547-80130655:1	UTR3	0.163366336633663	0.0179282868525896	0.000337054188068769	0.00230559900586793	1.29221253812982	2	2	Up
Azi2:9:118063619-118063811:1	UTR3	0.143564356435644	0.0112881806108898	0.000388204848652228	0.002612371735247	1.53408412076872	4	4	Up
B3glct:5:149759464-149759902:1	UTR3	0.262376237623762	0.0285524568393094	0.000432031062798827	0.00288001404195519	0.753334801577372	1	2	Up
Mtdh:15:34140865-34141370:1	UTR3	0.356435643564356	0.0531208499335989	0.000450403160000534	0.00296996205226435	0.793846166429184	1	2	Up
Ctdsp1:1:74397063-74397231:1	UTR3	0.193069306930693	0.048472775564409	0.000456520482085807	0.00299114144586656	0.910134615926137	2	2	Up
Adcyap1r1:6:55497661-55498243:1	UTR3	0.158415841584158	0.0099601593625498	0.000483674920536193	0.00313872429736505	1.33748519101961	1	2	Up
Cab39:1:85849380-85849620:1	UTR3	0.118811881188119	0.00929614873837981	0.000505157572529235	0.00325829910270802	1.6090735694717	1	3	Up
Tmem47:X:81095370-81095939:1	UTR3	0.118811881188119	0.0139442231075697	0.000514178213857223	0.00330790201489259	1.40808583026413	1	5	Up
Rbm25:12:83681439-83682051:1	UTR3	0.178217821782178	0.0265604249667995	0.000522608369137738	0.00334913842747676	1.13746067395384	2	2	Up
Rbm25:12:83681341-83682187:1	UTR3	0.178217821782178	0.0285524568393094	0.00132359588293517	0.0074628597798601	1.03317707310446	1	2	Up
Prrc2b:2:32232365-32232833:1	UTR3	0.222772277227723	0.0610889774236388	0.00055473394260994	0.00350200642706233	0.770347448194889	1	2	Up
Gramd3:18:56491939-56502855:1	UTR3	0.188118811881188	0.0265604249667995	0.000554912741710259	0.00350200642706233	1.33423391538214	1	5	Up
Arpc5:1:152774155-152774533:1	UTR3	0.237623762376238	0.0325365205843293	0.000660546120639419	0.00410611982242479	1.00880376354317	2	4	Up
Ncbp2:16:31956228-31957188:1	UTR3	0.287128712871287	0.0338645418326693	0.000721340869081232	0.00444416751717991	0.816745648473466	1	2	Up
Ift20:11:78541528-78541702:1	UTR3	0.450495049504951	0.0956175298804781	0.000774514160688471	0.00473176771634369	0.573464430882569	2	2	Up
Myo5a:9:75218080-75218509:1	UTR3	0.148514851485149	0.00730411686586985	0.000788857099295214	0.00480169688469412	1.17748674704318	1	2	Up
Oxr1:15:41859798-41860290:1	UTR3	0.217821782178218	0.0624169986719788	0.000957043320610194	0.00565918719785314	0.727675145619083	1	2	Up
Entpd7:19:43730522-43730966:1	UTR3	0.178217821782178	0.0119521912350598	0.00101932320958159	0.0059847630711325	0.959051906243975	1	2	Up
Tnfaip6:2:52056046-52056268:1	UTR3	0.267326732673267	0.0451527224435591	0.00102690993791419	0.00601510379416637	0.702260593657265	1	2	Up
Sfrp1:8:23446164-23446662:1	UTR3	0.247524752475248	0.114209827357238	0.00104552278828391	0.00611692332486577	0.543936249150011	1	2	Up
Wdr5:2:27534835-27535381:1	UTR3	0.153465346534653	0.00863213811420983	0.00106358286605198	0.00618813799256688	1.38591761867383	1	2	Up
Nmt2:2:3324849-3326221:1	UTR3	0.178217821782178	0.0159362549800797	0.00110688827597214	0.00638579512344483	1.13259092037258	1	2	Up
Mtfr1:3:19219066-19219768:1	UTR3	0.178217821782178	0.0112881806108898	0.00114405910178322	0.00658496054764812	1.06759061588163	1	2	Up
Ykt6:11:5965920-5966298:1	UTR3	0.173267326732673	0.0099601593625498	0.00116073250233153	0.00665781168869051	0.89264118486146	2	3	Up
Mdfic:6:15800430-15800922:1	UTR3	0.232673267326733	0.0298804780876494	0.00121738485446246	0.00692683624856041	0.841329288617853	1	2	Up
Capza2:6:17665749-17665911:1	UTR3	0.445544554455446	0.0856573705179283	0.00129017670269805	0.00730757259967814	0.582959425560751	2	3	Up
Bclaf1:10:20333503-20340424:1	UTR3	0.435643564356436	0.0796812749003984	0.00141067355016929	0.00788233658987851	0.652263380359626	2	3	Up
Pitpnb:5:111386986-111387472:1	UTR3	0.277227722772277	0.050464807436919	0.00141348175659153	0.00788916360889975	0.704092157338962	2	3	Up
Fgl2:5:21376122-21376554:1	UTR3	0.128712871287129	0.0365205843293493	0.00142782381617649	0.00795136376018555	0.792937294334026	1	2	Up
Map4k4:1:40024361-40024979:1	UTR3	0.371287128712871	0.0438247011952191	0.00151184421287175	0.00828930680331998	0.631016020268298	1	4	Up
Zbtb20:16:43622262-43622772:1	UTR3	0.128712871287129	0.0617529880478088	0.00152114007456085	0.00832192474234443	1.06163513120358	2	5	Up
Mical2:7:112351533-112352073:1	UTR3	0.227722772277228	0.00796812749003984	0.00176294932364505	0.00945754798973771	1.23193148656926	1	2	Up
Gnb1:4:155558869-155559269:1	UTR3	0.712871287128713	0.575033200531209	1.83204236533761e-59	1.2849955207378e-56	-0.798297111432705	2	2	Down
Parva:7:112591270-112591692:1	UTR3	0.50990099009901	0.266932270916335	1.66399295829983e-55	9.19448553513894e-53	-1.56056212880283	3	3	Down
Cd47:16:49911224-49911734:1	UTR3	0.797029702970297	0.743691899070385	7.46871756646596e-42	3.37653931436684e-39	-0.765996551840586	2	3	Down
Cd47:16:49914609-49915010:1	UTR3	0.47029702970297	0.444223107569721	1.73240177115294e-14	8.22454680949907e-13	-0.932908133156978	3	3	Down
Fyttd1:16:32902434-32905847:1	UTR3	0.143564356435644	0.236387782204515	1.0478011511825e-37	3.72193937487898e-35	-2.53177147042905	1	4	Down
Luc7l2:6:38551818-38589194:1	UTR3	0.683168316831683	0.567729083665339	1.39507865521426e-33	3.85429230687807e-31	-0.928549430204122	1	2	Down
Prkar1a:11:109669227-109669656:1	UTR3	0.856435643564356	0.47609561752988	2.63062893216379e-31	5.68787725202197e-29	-1.08724025463399	4	4	Down
Prkar1a:11:109668720-109669194:1	UTR3	0.49009900990099	0.170650730411687	1.39115015076091e-05	0.000145035423474508	-0.820501262942963	3	4	Down
Sdc2:15:33032822-33033891:1	UTR3	0.732673267326733	0.735723771580345	4.74188169952438e-29	8.29067985503523e-27	-0.631045998253168	2	2	Down
Mcl1:3:95662764-95663176:1	UTR3	0.415841584158416	0.286852589641434	2.06200397285799e-24	2.84842937695077e-22	-0.98363667264432	3	3	Down
Smg6:11:75164026-75164448:1	UTR3	0.242574257425743	0.0391766268260292	8.92297059250456e-24	1.10934831891313e-21	-2.00766310286304	2	2	Down
Atp6v1g1:4:63550309-63550711:1	UTR3	0.871287128712871	0.746347941567065	1.23335228272755e-20	1.17951171192387e-18	-0.579765693787095	3	3	Down
Hnrnpa3:2:75669000-75669407:1	UTR3	0.227722772277228	0.127490039840637	3.58441536304336e-20	3.24096320007539e-18	-1.86018041958056	6	6	Down
Rpl22:4:152333657-152334071:1	UTR3	0.46039603960396	0.230411686586985	6.56071658675483e-20	5.7239374712161e-18	-1.20191468237996	2	2	Down
Nxf1:19:8772042-8772475:1	UTR3	0.400990099009901	0.326693227091633	2.19550088187206e-19	1.78987309599176e-17	-1.10397552157889	3	3	Down
Dnajc3:14:118981275-118981702:1	UTR3	0.361386138613861	0.178618857901726	2.65416435236993e-19	2.12889666521543e-17	-1.19243993768772	4	4	Down
Ube2d3:3:135466034-135466775:1	UTR3	0.737623762376238	0.411686586985392	3.20169177780079e-19	2.52730368428624e-17	-0.796625192712624	2	3	Down
Ube2d3:3:135467813-135468198:1	UTR3	0.148514851485149	0.0909694555112882	1.10377470499848e-09	2.63897673459492e-08	-1.51793835366922	3	3	Down
Gng12:6:67020849-67021341:1	UTR3	0.361386138613861	0.120185922974768	7.49301220712468e-18	5.24827460648325e-16	-1.3320190678553	3	3	Down
Loxl2:14:69695216-69695834:1	UTR3	0.752475247524752	0.267596281540505	7.97467384989903e-18	5.50806292438165e-16	-0.71444948137441	4	4	Down
Nudt5:2:5870381-5870879:1	UTR3	0.128712871287129	0.0431606905710491	7.82215757842525e-16	4.52320809738474e-14	-2.35189454025453	3	3	Down
Lbh:17:72941631-72941942:1	UTR3	0.326732673267327	0.191235059760956	3.8246929143646e-15	1.9608451405294e-13	-0.949736128537298	2	2	Down
Eif4b:15:102096748-102097172:1	UTR3	0.673267326732673	0.299468791500664	3.05892657416492e-13	1.2267775688163e-11	-0.613953923587299	4	4	Down
Seh1l:18:67794919-67795461:1	UTR3	0.400990099009901	0.128818061088977	5.48358568542829e-13	2.14723398532558e-11	-0.839257610447452	2	2	Down
Ywhab:2:164018199-164018588:1	UTR3	0.762376237623762	0.387782204515272	9.63065360322537e-13	3.62827578551816e-11	-0.511386004685044	3	3	Down
Cdc42se1:3:95236002-95236409:1	UTR3	0.356435643564356	0.136122177954847	2.7937973715567e-12	9.99536282643991e-11	-0.913888951189875	3	3	Down
Anp32e:3:95929246-95938307:1	UTR3	0.440594059405941	0.102921646746348	9.90213442279887e-12	3.26114665460787e-10	-1.34125374225491	1	2	Down
Tmem248:5:130243241-130243697:1	UTR3	0.376237623762376	0.130146082337317	1.25379610710374e-11	3.9677909610388e-10	-0.881892248465782	2	2	Down
Eif1ax:X:159387583-159388027:1	UTR3	0.212871287128713	0.0703851261620186	3.87732525514165e-11	1.11456291871789e-09	-1.51720291458661	2	2	Down
Tmem106b:6:13088835-13089269:1	UTR3	0.173267326732673	0.142098273572377	4.23511339767435e-11	1.21041488084106e-09	-1.10838516744559	2	2	Down
Dda1:8:71475676-71476098:1	UTR3	0.574257425742574	0.216467463479416	5.62174655953237e-10	1.41196695154316e-08	-0.52896931137887	2	2	Down
Hnrnpul2:19:8833726-8834142:1	UTR3	0.168316831683168	0.099601593625498	5.67969389954705e-10	1.41935265137927e-08	-1.32793891458126	3	3	Down
Nap1l1:10:111497750-111498142:1	UTR3	0.262376237623762	0.0763612217795485	9.76046937324297e-10	2.36774703381158e-08	-1.46444103940481	3	3	Down
Get4:5:139269646-139270051:1	UTR3	0.311881188118812	0.116865869853918	2.01218258926028e-09	4.63267778536639e-08	-0.837151794204464	2	2	Down
Bzw1:1:58406949-58407353:1	UTR3	0.465346534653465	0.115537848605578	2.94001482441671e-09	6.49808609858858e-08	-0.932929093235161	4	4	Down
Spin1:13:51152130-51152546:1	UTR3	0.331683168316832	0.179282868525896	8.70526104318034e-09	1.80380263198899e-07	-0.654710170775175	3	3	Down
Cggbp1:16:64858922-64859492:1	UTR3	0.455445544554455	0.174634794156707	1.04275983560719e-08	2.1252642059322e-07	-0.513893162800279	2	2	Down
Txnl4a:18:80223067-80223533:1	UTR3	0.173267326732673	0.0590969455511288	1.14997959881485e-08	2.29672632325551e-07	-1.42909782780308	3	3	Down
Sucla2:14:73595735-73596142:1	UTR3	0.381188118811881	0.197875166002656	1.36966675329746e-08	2.68163494651507e-07	-0.815858199505775	3	3	Down
Habp4:13:64186118-64186536:1	UTR3	0.247524752475248	0.160026560424967	1.42197179677142e-08	2.76229130677512e-07	-1.35085500162085	3	3	Down
Kctd20:17:28969140-28969549:1	UTR3	0.346534653465347	0.142762284196547	1.80613850216662e-08	3.44135125336192e-07	-0.640661070284713	2	2	Down
Tomm70a:16:57154100-57154530:1	UTR3	0.227722772277228	0.0703851261620186	1.8498334144592e-08	3.51115327103266e-07	-1.07214932986486	2	2	Down
Cyb5b:8:107187047-107187470:1	UTR3	0.277227722772277	0.104913678618858	1.9835726782608e-08	3.73647989734506e-07	-0.93998545032891	3	3	Down
Armcx3:X:134761051-134761455:1	UTR3	0.445544554455446	0.211819389110226	4.55899011339563e-08	8.1847862216305e-07	-0.69462586736547	2	2	Down
Vma21:X:71822562-71822988:1	UTR3	0.168316831683168	0.0830013280212483	6.18929088405271e-08	1.05692388479945e-06	-1.36531575147932	5	6	Down
Vma21:X:71821575-71822026:1	UTR3	0.247524752475248	0.111553784860558	2.74736786714633e-07	4.1402001222178e-06	-1.04874579631006	3	6	Down
Vma21:X:71821998-71822496:1	UTR3	0.232673267326733	0.115537848605578	2.87395721027097e-05	0.000279690591128719	-1.12523863198256	4	6	Down
Cdc42bpa:1:180165188-180165603:1	UTR3	0.133663366336634	0.0670650730411687	2.04622371145412e-07	3.17005312057986e-06	-1.02209120078901	2	2	Down
Copg1:6:87913167-87913595:1	UTR3	0.420792079207921	0.125498007968127	2.32679372906611e-07	3.58239789927113e-06	-0.787839783208085	2	2	Down
Ctgf:10:24598270-24598683:1	UTR3	0.400990099009901	0.0810092961487384	3.8041063989691e-07	5.5315266438811e-06	-0.607486778247626	2	2	Down
Igf1:10:87936627-87937042:1	UTR3	0.222772277227723	0.202523240371846	4.99171256716239e-07	7.09251045614244e-06	-0.855832828738622	3	3	Down
Gnl1:17:35989007-35989439:1	UTR3	0.143564356435644	0.0564409030544489	5.47896211252046e-07	7.69685835750402e-06	-1.31155547029495	2	2	Down
Lsp1:7:142490600-142490696:1	UTR3	0.440594059405941	0.289508632138114	6.89276531268588e-07	9.57478265362762e-06	-0.626294142871712	1	2	Down
Riok3:18:12156283-12156733:1	UTR3	0.386138613861386	0.147410358565737	7.17648540972e-07	9.85874639296617e-06	-0.675376045822222	3	3	Down
Sri:5:8068782-8069208:1	UTR3	0.237623762376238	0.130146082337317	2.38124380285093e-06	3.05204263700456e-05	-0.929013733192684	2	2	Down
Agap1:1:89894849-89895299:1	UTR3	0.0198019801980198	0.101593625498008	3.0276273145677e-06	3.77461530879345e-05	-1.95051340447385	2	2	Down
Cab39l:14:59548474-59548903:1	UTR3	0.257425742574257	0.0889774236387782	3.26311193648782e-06	4.02942283914903e-05	-0.753071314000342	2	2	Down
Huwe1:X:151934509-151934905:1	UTR3	0.198019801980198	0.122177954847278	3.43256249875559e-06	4.18385620252734e-05	-0.667354926541119	2	2	Down
Arpp19:9:75059887-75060313:1	UTR3	0.138613861386139	0.052456839309429	5.36762733951151e-06	6.20772343241646e-05	-1.31269288625281	4	4	Down
Il13ra1:X:36170837-36171259:1	UTR3	0.435643564356436	0.0544488711819389	6.11816057495986e-06	7.05930685366018e-05	-0.56526469665238	2	2	Down
Gfpt1:6:87091769-87092197:1	UTR3	0.356435643564356	0.0770252324037185	9.59399727043743e-06	0.000106024329835301	-1.09667757440605	3	3	Down
Rnaseh2b:14:62372533-62372989:1	UTR3	0.202970297029703	0.048472775564409	9.83792799158632e-06	0.000108325279217347	-1.04288934726892	2	2	Down
Mff:1:82751966-82752394:1	UTR3	0.797029702970297	0.393758300132802	1.1835791617778e-05	0.000127955199380891	-0.516189187037015	3	3	Down
Ran:5:129023913-129024323:1	UTR3	0.693069306930693	0.0823373173970783	1.45858342473434e-05	0.000150488285709624	-0.654269405803528	2	2	Down
Socs5:17:87137189-87137583:1	UTR3	0.247524752475248	0.051128818061089	2.47642610306204e-05	0.000244836322276889	-0.561582834412104	2	2	Down
Ube2a:X:36883797-36884222:1	UTR3	0.301980198019802	0.0776892430278884	2.51467817021363e-05	0.000248124891676039	-0.764617146934219	2	2	Down
Sec63:10:42829547-42829955:1	UTR3	0.148514851485149	0.051792828685259	2.67831281291017e-05	0.000262189953122092	-1.32121421569987	3	4	Down
1810037I17Rik:3:122925775-122926184:1	UTR3	0.163366336633663	0.0743691899070385	3.34663327528111e-05	0.000320670660461907	-1.03280116277991	2	2	Down
Sec22b:3:97922845-97923276:1	UTR3	0.396039603960396	0.112881806108898	3.58251769292199e-05	0.000337775011427544	-0.679853862675711	2	2	Down
Ubfd1:7:122081786-122082194:1	UTR3	0.178217821782178	0.0471447543160691	4.15889308746698e-05	0.000384427050631474	-0.989787642112978	2	2	Down
Xpo1:11:23296517-23297069:1	UTR3	0.351485148514851	0.0617529880478088	4.23936018216361e-05	0.000390413670109252	-0.62170338418462	2	2	Down
Nosip:7:45076531-45077446:1	UTR3	0.207920792079208	0.109561752988048	4.54190840206837e-05	0.000415200560358198	-0.746450189734191	1	3	Down
Tpd52l2:2:181516350-181516770:1	UTR3	0.188118811881188	0.130810092961487	4.55377584979972e-05	0.000415521601854202	-0.845645578278379	3	3	Down
Creb1:1:64602457-64603027:1	UTR3	0.103960396039604	0.051128818061089	4.62480379500604e-05	0.000421229840156869	-0.761755448136634	2	2	Down
Trappc5:8:3680497-3680941:1	UTR3	0.143564356435644	0.0610889774236388	5.37904256875276e-05	0.000480250963992953	-1.01465378980798	2	2	Down
Ankrd13c:3:158007595-158008034:1	UTR3	0.178217821782178	0.0710491367861886	5.44692494670453e-05	0.000485440103225119	-0.687024414530249	2	2	Down
Srsf6:2:162936697-162937121:1	UTR3	0.465346534653465	0.115537848605578	5.61492334196087e-05	0.000497736431008403	-0.605633634017833	2	2	Down
Rab22a:2:173706918-173707343:1	UTR3	0.103960396039604	0.0471447543160691	6.40935821846291e-05	0.000558209079166656	-1.24891937267698	3	3	Down
Nus1:10:52438753-52439227:1	UTR3	0.262376237623762	0.0756972111553785	7.56012383352061e-05	0.000641578427032389	-0.849275759389589	4	4	Down
Pex19:1:172135329-172135803:1	UTR3	0.198019801980198	0.107569721115538	9.81204250221487e-05	0.000801236245706315	-0.765754227695039	2	2	Down
Ccdc50:16:27439074-27439980:1	UTR3	0.103960396039604	0.0962815405046481	0.000123456713080229	0.000974524181187271	-1.09616338308444	2	2	Down
Smarcc2:10:128489758-128490173:1	UTR3	0.198019801980198	0.147410358565737	0.000125272101512978	0.000985724938012724	-0.518888990794563	2	2	Down
Fam129a:1:151721527-151721939:1	UTR3	0.148514851485149	0.147410358565737	0.000142537222493417	0.00109388519669717	-0.760730635846724	2	2	Down
Cnot11:1:39546454-39546889:1	UTR3	0.138613861386139	0.049800796812749	0.00015746003906385	0.00118464262369822	-0.927802747318849	2	2	Down
Nif3l1:1:58461861-58462287:1	UTR3	0.143564356435644	0.047808764940239	0.000173728157442921	0.00129140527199349	-0.973204616144327	3	3	Down
Alkbh5:11:60558115-60558512:1	UTR3	0.262376237623762	0.191899070385126	0.000183559451606031	0.00135269531623743	-0.623709460726151	3	3	Down
Lix1l:3:96625760-96626171:1	UTR3	0.376237623762376	0.191899070385126	0.000200286740127792	0.00146474405684634	-0.59101300100374	3	3	Down
Vkorc1l1:5:129986280-129986692:1	UTR3	0.103960396039604	0.0405046480743692	0.000234581174270425	0.00166891585071077	-1.178586765541	4	4	Down
Znrf1:8:111623060-111623852:1	UTR3	0.113861386138614	0.051128818061089	0.000241008140214522	0.00170731265140573	-1.04304437632235	2	2	Down
Nras:3:103065314-103065920:1	UTR3	0.118811881188119	0.0245683930942895	0.000247398976945854	0.00174760669368144	-1.26970108102534	2	2	Down
Nup50:15:84942541-84942955:1	UTR3	0.118811881188119	0.0351925630810093	0.00030348646817163	0.00210787458968927	-1.68159684348689	3	3	Down
Camk2n1:4:138457724-138458162:1	UTR3	0.143564356435644	0.442895086321381	0.000347975260656349	0.00236727903042958	-0.715697232284281	2	2	Down
Nqo2:13:33987398-33987854:1	UTR3	0.148514851485149	0.0424966799468791	0.000459229465172574	0.0030027704414367	-1.00517122343831	2	2	Down
Map4:9:110083534-110083955:1	UTR3	0.341584158415842	0.100929614873838	0.000468322859050722	0.00305238476809861	-0.506629801692362	2	2	Down
B3glct:5:149762151-149762599:1	UTR3	0.143564356435644	0.0431606905710491	0.000468958535055105	0.00305252721836262	-0.880259173906389	2	2	Down
Mapre2:18:23893423-23893861:1	UTR3	0.118811881188119	0.0637450199203187	0.000496135541758662	0.00320842919267337	-0.914574720192338	2	2	Down
Pfdn2:1:171358838-171359254:1	UTR3	0.118811881188119	0.0577689243027888	0.000511256625505165	0.00329336683761293	-1.01783814896295	2	2	Down
Spg20:3:55136910-55137322:1	UTR3	0.108910891089109	0.0756972111553785	0.000553209779235905	0.00350014278898239	-0.966726834655178	3	4	Down
Spg20:3:55136919-55137193:1	UTR3	0.108910891089109	0.0730411686586985	0.00116289184438232	0.00666251283653606	-0.917426862572069	4	4	Down
Slc6a8:X:73682077-73682502:1	UTR3	0.257425742574257	0.120185922974768	0.000622182944171382	0.00389687126116408	-1.03354414693422	3	3	Down
Tmem208:8:105328386-105328500:1	UTR3	0.46039603960396	0.128818061088977	0.000632044175325601	0.00395365494829461	-0.518506431618393	1	3	Down
Fip1l1:5:74598369-74598800:1	UTR3	0.123762376237624	0.0590969455511288	0.000654097737599821	0.00407622562541843	-0.974258495115712	2	2	Down
Lpgat1:1:191783841-191784255:1	UTR3	0.128712871287129	0.0737051792828685	0.000663615878877507	0.00411491491977287	-0.851820652351979	3	3	Down
Atg4b:1:93789001-93789505:1	UTR3	0.153465346534653	0.0737051792828685	0.000726079888547076	0.00446328218262621	-0.767293197451094	2	2	Down
Myo5a:9:75223266-75223688:1	UTR3	0.103960396039604	0.0212483399734396	0.00078723001355178	0.00479766526641299	-0.888336993087802	2	2	Down
Pank2:2:131298777-131299188:1	UTR3	0.103960396039604	0.0431606905710491	0.00100690818079882	0.0059258631752811	-1.05970329734574	3	3	Down
Entpd7:19:43732253-43732679:1	UTR3	0.108910891089109	0.0245683930942895	0.00102340402508286	0.006001637048039	-0.855668067911668	2	2	Down
Set:2:30072151-30072577:1	UTR3	0.638613861386139	0.168658698539177	0.00105470180820144	0.00614892390643117	-0.548609409838442	4	4	Down
Ubald2:11:116438074-116438572:1	UTR3	0.262376237623762	0.0717131474103586	0.00131299883378151	0.00741151328081209	-0.668623874899556	1	2	Down
Ube2k:5:65591823-65592045:1	UTR3	0.455445544554455	0.111553784860558	0.00156602773212768	0.00852996266360453	-0.535927508953128	1	2	Down
Rpp14:14:8090994-8091427:1	UTR3	0.128712871287129	0.051128818061089	0.00162136498910407	0.00880245424761412	-0.891593721254754	2	3	Down
Rock2:12:16987405-16987837:1	UTR3	0.163366336633663	0.0883134130146082	0.00173593970322186	0.00934288760186397	-1.07642136002871	3	3	Down
Camk2d:3:126843217-126843739:1	UTR3	0.123762376237624	0.106241699867198	0.00174971183539972	0.00940682914318143	-0.645976716831572	2	3	Down
Itm2b:14:73362878-73364703:-1	UTR3	1	0.9933598937583	6.81769537999907e-83	8.47609978118385e-80	0.508744076032853	1	2	Up
Timp2:11:118303572-118310684:-1	UTR3	0.95049504950495	0.804780876494024	1.05384404168675e-72	9.28547704376186e-70	0.653232030315134	1	2	Up
Cxcl14:13:56289672-56296195:-1	UTR3	0.277227722772277	0.188579017264276	2.08458277947682e-33	5.18331508116911e-31	1.18130872235135	1	2	Up
Rac1:5:143506735-143507431:-1	UTR3	0.925742574257426	0.357237715803453	1.3764675792595e-31	3.11144239620795e-29	0.655646226252486	1	2	Up
Hmgb1:5:149048607-149050707:-1	UTR3	1	0.728419654714475	3.93493601024891e-31	7.82737471158713e-29	0.607756067480217	1	3	Up
Dynll2:11:87981205-87984002:-1	UTR3	0.673267326732673	0.116201859229748	1.03182892381074e-28	1.65525330261639e-26	1.17194125565649	1	2	Up
Carhsp1:16:8660681-8661119:-1	UTR3	0.821782178217822	0.205843293492696	3.44512949829666e-23	3.98433232442541e-21	0.878232631681291	1	2	Up
Npm1:11:33154931-33155303:-1	UTR3	0.831683168316832	0.121513944223108	1.17121012433862e-20	1.14204469575214e-18	0.783155280438702	1	2	Up
Npm1:11:33154906-33156139:-1	UTR3	0.841584158415842	0.132138114209827	2.12819624109028e-19	1.78987309599176e-17	0.713429420536851	2	2	Up
Hn1:11:115498025-115500776:-1	UTR3	0.836633663366337	0.233731739707835	2.07190881674564e-20	1.90807454549557e-18	0.690021957629437	1	3	Up
Hn1:11:115498008-115502140:-1	UTR3	0.836633663366337	0.261620185922975	1.95309199477631e-14	9.16294951888922e-13	0.521311721215774	2	3	Up
B4galt1:4:40806239-40806880:-1	UTR3	0.534653465346535	0.104249667994688	9.38330932321088e-18	6.39221880333256e-16	1.16904916250447	1	2	Up
St13:15:81365029-81365467:-1	UTR3	0.752475247524752	0.193891102257636	2.84341396798498e-17	1.81285867471658e-15	0.740727467318385	1	2	Up
Rtn3:19:7426969-7427431:-1	UTR3	0.851485148514851	0.242363877822045	1.56789825461191e-16	9.6925085097575e-15	0.580552200931146	3	4	Up
Scarb2:5:92443969-92446457:-1	UTR3	0.757425742574257	0.310092961487384	1.57871142025007e-16	9.6925085097575e-15	0.631554021554639	1	2	Up
Tgoln1:6:72611461-72611950:-1	UTR3	0.435643564356436	0.0962815405046481	1.3759020868375e-15	7.86478284809526e-14	1.15458582138681	2	3	Up
Ube2l3:16:17153896-17160054:-1	UTR3	0.900990099009901	0.241035856573705	2.67614347325805e-15	1.46246829588047e-13	0.563951415236517	1	5	Up
Pea15a:1:172197428-172197884:-1	UTR3	0.722772277227723	0.287516600265604	2.98070814469262e-15	1.57692144718685e-13	0.667842616085332	1	2	Up
Ghitm:14:37121896-37125322:-1	UTR3	0.693069306930693	0.189243027888446	3.11978084232132e-15	1.61611147175666e-13	0.747743008917352	1	2	Up
Dusp3:11:101973393-101973987:-1	UTR3	0.168316831683168	0.0225763612217795	9.01620333454542e-15	4.48375791826944e-13	2.54913980528544	1	2	Up
Kpnb1:11:97161519-97161969:-1	UTR3	0.747524752475248	0.0471447543160691	9.61713884559765e-15	4.7352506415007e-13	1.05487026494697	2	3	Up
Tram1:1:13566206-13569702:-1	UTR3	0.391089108910891	0.0358565737051793	1.11051102744365e-14	5.41428562693848e-13	1.70623943227761	1	3	Up
Csnk1d:11:120963393-120963849:-1	UTR3	0.504950495049505	0.115537848605578	1.73653210335291e-14	8.22454680949907e-13	0.869913092869369	1	2	Up
Ptov1:7:44863195-44863377:-1	UTR3	0.792079207920792	0.205179282868526	1.51022982543973e-13	6.25864410159314e-12	0.672847859362488	1	2	Up
Wwtr1:3:57458899-57459078:-1	UTR3	0.292079207920792	0.0192563081009296	8.72942283473651e-13	3.31384883642326e-11	2.04944575576225	1	3	Up
Tm7sf3:6:146603464-146603914:-1	UTR3	0.445544554455446	0.123505976095618	1.91892814076644e-12	6.96556908323469e-11	0.947369327218494	1	2	Up
Rrbp1:2:143985864-143986248:-1	UTR3	0.49009900990099	0.047808764940239	4.49546519947369e-12	1.55249641923491e-10	1.2445359011584	2	3	Up
Rrbp1:2:143985825-143988302:-1	UTR3	0.504950495049505	0.0564409030544489	1.22891436494017e-10	3.3034546685662e-09	1.07661698020278	3	3	Up
Cyb5r3:15:83154082-83154622:-1	UTR3	0.633663366336634	0.0929614873837981	6.2502643872734e-12	2.11446019033406e-10	0.883964263136683	1	2	Up
Mlec:5:115147142-115147592:-1	UTR3	0.653465346534653	0.048472775564409	1.17514894907448e-11	3.77033272499832e-10	1.22135002492852	2	5	Up
Mlec:5:115146367-115146823:-1	UTR3	0.326732673267327	0.0126162018592297	3.18473191332798e-05	0.00030752760786369	1.4149886291353	3	5	Up
Rab7:6:87999910-88000168:-1	UTR3	0.53960396039604	0.098937583001328	1.26062934213579e-11	3.9677909610388e-10	0.939971717579852	1	3	Up
Serp1:3:58523562-58525473:-1	UTR3	0.836633663366337	0.109561752988048	2.18554391142263e-11	6.58709689182105e-10	0.803700351552046	1	2	Up
Sec11a:7:80915823-80916232:-1	UTR3	0.252475247524752	0.00929614873837981	5.69356065757158e-11	1.58179201955885e-09	2.49011231133676	1	2	Up
Ostc:3:130696357-130703357:-1	UTR3	0.623762376237624	0.048472775564409	8.65496527514768e-11	2.36471792257353e-09	1.13713567966233	2	3	Up
Ostc:3:130696371-130696491:-1	UTR3	0.524752475247525	0.0365205843293493	2.50921169293492e-08	4.67352425054882e-07	1.15534239256745	1	3	Up
Tor1aip1:1:156006768-156007218:-1	UTR3	0.495049504950495	0.0969455511288181	1.45740736809269e-10	3.89660582877686e-09	0.909211904677653	1	3	Up
Cops7a:6:124958413-124958734:-1	UTR3	0.381188118811881	0.0371845949535193	5.00254620333349e-10	1.26282549589733e-08	1.4105253310413	1	2	Up
Cebpg:7:35050337-35050511:-1	UTR3	0.138613861386139	0.00730411686586985	7.35032105712704e-10	1.79182091260259e-08	2.83692867057901	1	4	Up
Cebpg:7:35050318-35050486:-1	UTR3	0.168316831683168	0.0185922974767596	2.81449547140668e-07	4.21098360364492e-06	1.81066338575959	2	4	Up
Tns1:1:73913881-73914339:-1	UTR3	0.128712871287129	0.0152722443559097	1.12591132804088e-09	2.6790225044724e-08	2.33367428735259	1	2	Up
Spc24:9:21756057-21757747:-1	UTR3	0.767326732673267	0.000664010624169987	1.33454621048033e-09	3.13051806826354e-08	3.54285218167269	1	2	Up
Txn2:15:77915390-77916062:-1	UTR3	0.574257425742574	0.0690571049136786	2.68587183567731e-09	5.98961463624362e-08	0.995615650721196	1	3	Up
Tomm20:8:126935006-126937137:-1	UTR3	0.514851485148515	0.0298804780876494	2.71819223846297e-09	6.03462946512337e-08	1.27206638921056	1	2	Up
Cd2bp2:7:127193651-127194268:-1	UTR3	0.396039603960396	0.0458167330677291	5.34195761938483e-09	1.15002403641562e-07	0.869843585340931	1	2	Up
Lman1:18:65983672-65984346:-1	UTR3	0.653465346534653	0.0630810092961487	8.29788202504273e-09	1.74115473884125e-07	0.72269067957411	1	2	Up
Lman1:18:65983660-65987857:-1	UTR3	0.653465346534653	0.0657370517928287	4.86284981419453e-08	8.66772477634028e-07	0.669525085068216	2	2	Up
St3gal1:15:67106266-67106704:-1	UTR3	0.282178217821782	0.0531208499335989	8.87906492219838e-09	1.83218215178807e-07	0.899888277677682	1	2	Up
Rbfox2:15:77082318-77082768:-1	UTR3	0.202970297029703	0.0146082337317397	1.06669412764724e-08	2.16517138644478e-07	1.93556930313811	1	2	Up
Ppp2r2a:14:67016153-67016309:-1	UTR3	0.133663366336634	0.00730411686586985	1.14965912380294e-08	2.29672632325551e-07	2.54805794884957	1	2	Up
Scrn1:6:54509090-54512221:-1	UTR3	0.282178217821782	0.173306772908367	1.16952287228189e-08	2.32641489754314e-07	0.631294184607685	1	2	Up
Kctd10:5:114365427-114365931:-1	UTR3	0.173267326732673	0.00730411686586985	2.25792604068486e-08	4.22130308282925e-07	2.45699970173241	1	2	Up
Fam104a:11:113662941-113663169:-1	UTR3	0.47029702970297	0.0604249667994688	2.90391772501689e-08	5.34858623944778e-07	0.635211436907162	1	2	Up
2310022B05Rik:8:124637688-124638072:-1	UTR3	0.188118811881188	0.0099601593625498	5.27682268945693e-08	9.21229623196409e-07	1.53689323153571	1	3	Up
2310022B05Rik:8:124637623-124639260:-1	UTR3	0.188118811881188	0.0099601593625498	5.27682268945693e-08	9.21229623196409e-07	1.53689323153571	2	3	Up
Tex261:6:83770832-83771120:-1	UTR3	0.54950495049505	0.0883134130146082	5.55348695842483e-08	9.65646526022611e-07	0.636574846388744	1	2	Up
Ube2i:17:25262329-25264862:-1	UTR3	0.737623762376238	0.098273572377158	5.70135638074753e-08	9.84473794495051e-07	0.729369251920911	1	2	Up
Tmem9b:7:109736549-109736999:-1	UTR3	0.544554455445545	0.136786188579017	6.20594760429197e-08	1.05692388479945e-06	0.668518476616115	1	2	Up
H3f3a:1:180803007-180803163:-1	UTR3	0.292079207920792	0.0272244355909695	1.21654915983934e-07	1.97709116728138e-06	1.46177455559887	1	2	Up
Adamtsl5:10:80342740-80343106:-1	UTR3	0.118811881188119	0.0172642762284197	1.98406199768996e-07	3.09302204216683e-06	1.36231049597567	1	2	Up
Adamtsl5:10:80342712-80343747:-1	UTR3	0.118811881188119	0.0172642762284197	1.98406199768996e-07	3.09302204216683e-06	1.36231049597567	2	2	Up
Pole3:4:62523779-62524439:-1	UTR3	0.633663366336634	0.0849933598937583	2.41045892592815e-07	3.68837299650483e-06	0.597071212258425	1	2	Up
Mxd4:5:34176549-34177108:-1	UTR3	0.445544554455446	0.244355909694555	2.8764249988484e-07	4.28277290996201e-06	0.53785743226907	1	2	Up
Tspan9:6:127963847-127964303:-1	UTR3	0.272277227722772	0.0225763612217795	3.86803929157125e-07	5.60809311865418e-06	1.37022351482371	1	2	Up
Cacybp:1:160203364-160203556:-1	UTR3	0.450495049504951	0.0298804780876494	4.49414348555963e-07	6.42223435450805e-06	1.17478722849076	1	3	Up
2610001J05Rik:6:13870276-13870491:-1	UTR3	0.48019801980198	0.0803452855245684	5.08649173050196e-07	7.20658785634936e-06	0.839572630605209	1	2	Up
Fam168b:1:34817096-34818127:-1	UTR3	0.173267326732673	0.0139442231075697	5.15126471463623e-07	7.27762483689943e-06	1.76454814246496	2	3	Up
Fam168b:1:34817119-34817503:-1	UTR3	0.168316831683168	0.0139442231075697	1.03615691936389e-06	1.40021966304256e-05	1.72899326931426	1	3	Up
Btbd1:7:81793491-81797065:-1	UTR3	0.554455445544555	0.117529880478088	7.00019952873496e-07	9.6969337761557e-06	0.630010973273507	2	3	Up
Btbd1:7:81793500-81794352:-1	UTR3	0.554455445544555	0.116865869853918	7.67048080992521e-07	1.04794783153182e-05	0.629865748218239	1	3	Up
Ubqln1:13:58177488-58177926:-1	UTR3	0.534653465346535	0.0750332005312085	1.31014841353426e-06	1.75616389771048e-05	0.660121559853904	1	2	Up
Reep3:10:67013662-67021924:-1	UTR3	0.297029702970297	0.0411686586985392	1.36000893072924e-06	1.81322370308753e-05	1.08897566415625	1	2	Up
Pafah1b2:9:45966306-45966740:-1	UTR3	0.50990099009901	0.050464807436919	1.75359641941404e-06	2.3070462946418e-05	0.920484920481926	4	5	Up
Pcmt1:10:7637695-7638054:-1	UTR3	0.658415841584158	0.126826029216467	1.80359155334306e-06	2.36440081936974e-05	0.565730577918311	1	2	Up
Ddx19a:8:110975825-110976524:-1	UTR3	0.123762376237624	0.00265604249667995	2.32812399003794e-06	2.99166940632007e-05	2.92960166444747	1	2	Up
Lsm14a:7:34345203-34345659:-1	UTR3	0.50990099009901	0.115537848605578	2.89829845220143e-06	3.6674906368442e-05	0.604364165782913	1	2	Up
Elp4:2:105702423-105702843:-1	UTR3	0.272277227722772	0.0378486055776892	3.37391686450837e-06	4.13263265201973e-05	1.08317331326147	1	2	Up
Osbpl9:4:109062044-109062651:-1	UTR3	0.262376237623762	0.0544488711819389	3.39093547479816e-06	4.14327324721652e-05	1.07454748035975	1	2	Up
Ctbp2:7:132988027-132988256:-1	UTR3	0.202970297029703	0.0212483399734396	3.56246591778139e-06	4.32101049003094e-05	1.53625432805449	1	3	Up
Mcur1:13:43541623-43551074:-1	UTR3	0.257425742574257	0.0770252324037185	3.57958299957548e-06	4.33120833500945e-05	0.742448164001728	1	2	Up
Ptp4a1:1:30941945-30942497:-1	UTR3	0.599009900990099	0.134130146082337	3.91706059927139e-06	4.63798627623253e-05	0.580948946752915	1	3	Up
Wdr1:5:38527559-38527989:-1	UTR3	0.450495049504951	0.0351925630810093	3.99695303301053e-06	4.71015342018042e-05	0.978871140323163	1	2	Up
Rbm39:2:156147955-156148279:-1	UTR3	0.341584158415842	0.0796812749003984	4.6700581656454e-06	5.47740548531948e-05	0.957132120997234	1	3	Up
Rbm39:2:156147926-156148428:-1	UTR3	0.341584158415842	0.0810092961487384	7.17059642277897e-06	8.14141004805476e-05	0.934219025910944	2	3	Up
Tmod3:9:75499754-75500021:-1	UTR3	0.405940594059406	0.049136786188579	5.30644242075115e-06	6.15126763598962e-05	0.86263565604236	1	3	Up
Nudt4:10:95549074-95549536:-1	UTR3	0.52970297029703	0.0378486055776892	7.51620619085656e-06	8.48186567968686e-05	0.78167122110327	1	2	Up
Rnf7:9:96471356-96471758:-1	UTR3	0.554455445544555	0.127490039840637	7.52162228984899e-06	8.48186567968686e-05	0.595908159287589	1	2	Up
Clic4:4:135215427-135215859:-1	UTR3	0.306930693069307	0.0332005312084993	7.91872959618642e-06	8.88935491689279e-05	1.12174494667607	1	2	Up
Hnrnpab:11:51601674-51601932:-1	UTR3	0.252475247524752	0.00597609561752988	7.99852898323467e-06	8.95871275532118e-05	1.99262050817869	1	3	Up
Pdlim5:3:142242190-142242640:-1	UTR3	0.178217821782178	0.0265604249667995	9.23199280821031e-06	0.000102251002751069	1.3193819239585	1	2	Up
Pnrc1:4:33245826-33246229:-1	UTR3	0.277227722772277	0.134130146082337	1.03520389858205e-05	0.000113393590036311	0.878164835166776	1	2	Up
Tm9sf3:19:41214436-41214922:-1	UTR3	0.693069306930693	0.161354581673307	1.08201389770279e-05	0.000118260551940131	0.518194583777161	1	4	Up
Bet1:6:4077868-4082630:-1	UTR3	0.559405940594059	0.0863213811420983	1.18322152674542e-05	0.000127955199380891	0.581252000380419	1	3	Up
Jam3:9:27097804-27098002:-1	UTR3	0.103960396039604	0.00796812749003984	1.38068448028026e-05	0.000144550398324921	2.13765094329567	1	2	Up
Arih2:9:108604649-108605111:-1	UTR3	0.247524752475248	0.0159362549800797	1.53008349398166e-05	0.000157212917677083	1.2182877272938	1	2	Up
Scd1:19:44397662-44398190:-1	UTR3	0.232673267326733	0.0531208499335989	1.62643120085749e-05	0.00016676788374978	1.06313343879632	1	2	Up
Hnrnpll:17:80030316-80034105:-1	UTR3	0.445544554455446	0.0637450199203187	1.64526109704532e-05	0.000168351511020708	0.837420752820962	1	4	Up
Kpna6:4:129647438-129647924:-1	UTR3	0.108910891089109	0.00664010624169987	1.87724824956326e-05	0.000189362181441746	1.95933248356633	1	2	Up
Snx5:2:144251031-144253826:-1	UTR3	0.569306930693069	0.120849933598938	1.88556525955316e-05	0.000189816114084167	0.518667685637046	1	2	Up
Dnajb9:12:44206728-44207202:-1	UTR3	0.153465346534653	0.0199203187250996	3.05597732465095e-05	0.000296245131296085	1.521429907349	1	2	Up
Cbx5:15:103198150-103198664:-1	UTR3	0.237623762376238	0.0385126162018592	3.2305061149652e-05	0.000311343157165154	1.14192295563132	4	6	Up
Sav1:12:69966023-69966425:-1	UTR3	0.143564356435644	0.00863213811420983	3.43008937462567e-05	0.000327405651823675	1.84092597499462	1	2	Up
Aasdhppt:9:4296583-4302599:-1	UTR3	0.371287128712871	0.0464807436918991	3.55143224232606e-05	0.00033576563766326	0.698166272737442	1	2	Up
App:16:84954893-84955001:-1	UTR3	0.163366336633663	0.0345285524568393	3.58661275316342e-05	0.000337775011427544	1.36347364414599	3	4	Up
Smad4:18:73639009-73639408:-1	UTR3	0.321782178217822	0.0790172642762284	3.98323373734979e-05	0.000370254605155897	0.583402481176643	2	2	Up
Pdha1:X:160123605-160124639:-1	UTR3	0.331683168316832	0.0424966799468791	4.48392207772586e-05	0.000410654594705906	0.795936011492455	2	3	Up
Pdha1:X:160123605-160124043:-1	UTR3	0.297029702970297	0.0385126162018592	6.40429404398582e-05	0.000558209079166656	0.833673342653364	1	3	Up
Ddx21:10:62582086-62582544:-1	UTR3	0.371287128712871	0.0285524568393094	6.01986748022074e-05	0.000530794343601733	0.725890004176822	1	2	Up
Wnk1:6:119925523-119925985:-1	UTR3	0.207920792079208	0.0312084993359894	6.03141180657635e-05	0.000530870989630163	1.12930462491813	1	2	Up
Rras2:7:114047489-114048083:-1	UTR3	0.391089108910891	0.051128818061089	7.35407238779589e-05	0.000628381477397061	0.756765225391308	1	2	Up
Armc1:3:19133876-19134314:-1	UTR3	0.292079207920792	0.0245683930942895	7.44674698168597e-05	0.000633037140853407	0.802862622102506	1	3	Up
Armc1:3:19133863-19134957:-1	UTR3	0.292079207920792	0.0245683930942895	7.44674698168597e-05	0.000633037140853407	0.802862622102506	2	3	Up
Fermt2:14:45459760-45460120:-1	UTR3	0.232673267326733	0.0258964143426295	7.78606309485006e-05	0.000656272741876091	1.19870338941937	1	2	Up
Trappc13:13:104143913-104144540:-1	UTR3	0.316831683168317	0.049800796812749	8.12004660042934e-05	0.000680961074939884	0.522215521863938	1	2	Up
Rabgap1l:1:160256558-160256978:-1	UTR3	0.103960396039604	0.0378486055776892	8.81459103595226e-05	0.000736722037341018	1.36482946528326	2	2	Up
Lamp2:X:38421609-38424491:-1	UTR3	0.168316831683168	0.0624169986719788	8.96372514783028e-05	0.000744183725545242	1.11451136598476	1	2	Up
Eri1:8:35468917-35469115:-1	UTR3	0.292079207920792	0.0112881806108898	8.98851337409183e-05	0.000744997950155978	1.30222224644234	1	5	Up
Gxylt1:15:93244398-93244896:-1	UTR3	0.148514851485149	0.00929614873837981	9.13637857368208e-05	0.000753486080380116	1.60300728670778	1	3	Up
Bhlhe41:6:145862573-145862999:-1	UTR3	0.113861386138614	0.00730411686586985	0.000113072698243737	0.000905491994148318	1.88688789158051	1	2	Up
Tra2b:16:22246401-22246893:-1	UTR3	0.440594059405941	0.0664010624169987	0.000113680697919418	0.000907224367791616	0.712452429712533	1	2	Up
Cinp:12:110873653-110874091:-1	UTR3	0.148514851485149	0.0126162018592297	0.000123313651213874	0.000974524181187271	1.42558426124928	1	2	Up
Dcaf12:4:41292990-41294159:-1	UTR3	0.232673267326733	0.0385126162018592	0.000145425578019244	0.00110750597165345	0.847375709870416	1	3	Up
l7Rn6:7:89923564-89923738:-1	UTR3	0.143564356435644	0.00597609561752988	0.000148448150653506	0.00112879610581022	2.04555117053795	1	3	Up
Man1a:10:53906999-53907437:-1	UTR3	0.232673267326733	0.207171314741036	0.000150489761656903	0.00113736411051638	0.647677518076859	1	2	Up
Vps26b:9:27009736-27010489:-1	UTR3	0.113861386138614	0.00730411686586985	0.000164022801565131	0.00122475284111621	1.76905972739062	1	3	Up
Nipa2:7:55932524-55933028:-1	UTR3	0.301980198019802	0.0332005312084993	0.000165466928653851	0.00123368371243718	0.675802613430883	1	2	Up
Creb3l2:6:37331119-37331593:-1	UTR3	0.143564356435644	0.0192563081009296	0.000177143822372789	0.00131483019202967	1.32617875830438	1	2	Up
Chmp2b:16:65539710-65540202:-1	UTR3	0.198019801980198	0.0318725099601594	0.00018266432795388	0.00134976181710943	1.1120647832806	1	2	Up
Mtpn:6:35511937-35512447:-1	UTR3	0.247524752475248	0.0112881806108898	0.00020485279582252	0.00148937566319502	1.26884968050259	1	6	Up
Gosr2:11:103679101-103679485:-1	UTR3	0.237623762376238	0.0205843293492696	0.000209159768529895	0.00151184815246972	1.07695068100769	1	3	Up
Gosr2:11:103679083-103683904:-1	UTR3	0.237623762376238	0.0212483399734396	0.000227662321137874	0.00163371532903124	1.05495874944004	2	3	Up
Hspd1:1:55078277-55078420:-1	UTR3	0.287128712871287	0.00730411686586985	0.000259014524016852	0.00181932094341215	1.50020940114929	1	2	Up
Srrm1:4:135344536-135346908:-1	UTR3	0.435643564356436	0.0624169986719788	0.000304673128339969	0.00211316522626871	0.681431406605189	1	2	Up
Szrd1:4:141115262-141115736:-1	UTR3	0.450495049504951	0.0717131474103586	0.000321161906694795	0.00220599193645472	0.552253327653099	1	2	Up
Smim7:8:72567297-72567957:-1	UTR3	0.346534653465347	0.0750332005312085	0.000361215319172715	0.0024506463604992	0.701069120292909	1	3	Up
Chtop:3:90499643-90500123:-1	UTR3	0.430693069306931	0.0571049136786189	0.000389975826475665	0.00262074295278849	0.632339656250613	1	2	Up
Sqstm1:11:50200583-50200781:-1	UTR3	0.118811881188119	0.0239043824701195	0.000433383008756795	0.00288130174137372	1.36570894673114	1	2	Up
Dync1li2:8:104420416-104423265:-1	UTR3	0.153465346534653	0.0232403718459495	0.000436880906164524	0.0029006792341204	1.12115552797964	1	3	Up
Vps4b:1:106771676-106772678:-1	UTR3	0.143564356435644	0.0205843293492696	0.000451496342552151	0.00296996205226435	1.16649682063271	1	2	Up
Becn1:11:101288709-101289063:-1	UTR3	0.163366336633663	0.0172642762284197	0.000452966823924547	0.00297177310735722	0.996583941003895	1	3	Up
Becn1:11:101288683-101289941:-1	UTR3	0.163366336633663	0.0172642762284197	0.000452966823924547	0.00297177310735722	0.996583941003894	2	3	Up
Yap1:9:7933482-7934202:-1	UTR3	0.163366336633663	0.0305444887118194	0.000544944786546311	0.00346548647505729	0.896193552745096	1	2	Up
Itgb3bp:4:99769468-99769565:-1	UTR3	0.400990099009901	0.0258964143426295	0.00054647734313436	0.00347079416016242	0.792464536945001	1	2	Up
Degs1:1:182276360-182276852:-1	UTR3	0.366336633663366	0.0883134130146082	0.000550396422414166	0.00348677886454223	0.592418438074251	1	2	Up
Ufm1:3:53857145-53857853:-1	UTR3	0.658415841584158	0.137450199203187	0.00061655295148492	0.00386647897570556	0.6431203908395	2	5	Up
Actr2:11:20064510-20077493:-1	UTR3	0.237623762376238	0.0345285524568393	0.000699889237770403	0.00432366357693443	0.880841938574237	1	2	Up
Ssr1:13:37979517-37979913:-1	UTR3	0.326732673267327	0.0252324037184595	0.00104971466524675	0.00613423152793432	0.850335924604046	1	5	Up
Xpo7:14:70665364-70666102:-1	UTR3	0.128712871287129	0.0172642762284197	0.00107851920650314	0.00625743736332353	1.06880564267868	1	2	Up
Arpin:7:79926619-79927911:-1	UTR3	0.118811881188119	0.00597609561752988	0.00108506508959518	0.00628175633359354	1.67695750236549	1	2	Up
Hiat1:3:116631975-116632443:-1	UTR3	0.163366336633663	0.0212483399734396	0.00109198894545931	0.00631448956484785	1.0775503367599	1	2	Up
Srsf2:11:116850624-116851056:-1	UTR3	0.430693069306931	0.0444887118193891	0.00129684451395913	0.00733698267112484	0.679554157621123	1	2	Up
Pcnp:16:56016719-56016917:-1	UTR3	0.188118811881188	0.0225763612217795	0.00139914027202746	0.00782668680854056	1.07099581551914	1	3	Up
Rpl7l1:17:46775502-46778202:-1	UTR3	0.366336633663366	0.0378486055776892	0.00146600218750917	0.00811851768205246	0.749588345387544	1	4	Up
Epc1:18:6488745-6489597:-1	UTR3	0.138613861386139	0.0265604249667995	0.00146540201660956	0.00811851768205246	0.966782308467565	1	2	Up
Cd2ap:17:42796009-42807944:-1	UTR3	0.163366336633663	0.0318725099601594	0.00161351549152817	0.0087694126113329	0.870172326102186	1	2	Up
Api5:2:94413522-94413870:-1	UTR3	0.123762376237624	0.00664010624169987	0.0017787228455658	0.00952162401614502	1.59590577246571	1	2	Up
Timp2:11:118301069-118301356:-1	UTR3	0.663366336633663	0.780212483399734	1.12030690252506e-72	9.28547704376186e-70	-1.2300633335523	2	2	Down
Hmgb1:5:149048186-149048480:-1	UTR3	0.97029702970297	0.622841965471448	3.20465637819894e-41	1.32806301406528e-38	-0.663900030824938	2	3	Down
Hn1:11:115497353-115497676:-1	UTR3	0.881188118811881	0.586321381142098	6.46861553788067e-35	2.01052656686754e-32	-0.66978514233974	3	3	Down
Cxcl14:13:56288647-56288898:-1	UTR3	0.376237623762376	0.302788844621514	1.7794515689642e-33	4.65748034339946e-31	-0.53651813261216	2	2	Down
Rac1:5:143505447-143505897:-1	UTR3	0.935643564356436	0.557768924302789	1.33909983105743e-31	3.11144239620795e-29	-0.523258248596163	2	2	Down
Dynll2:11:87979525-87979851:-1	UTR3	0.569306930693069	0.270252324037185	9.57960757325767e-29	1.58797961539368e-26	-0.880126709263782	2	2	Down
Ddx5:11:106780355-106780665:-1	UTR3	0.742574257425743	0.47875166002656	4.33551489733647e-28	6.53348957104674e-26	-0.890596198435288	2	2	Down
Reep5:18:34344889-34345187:-1	UTR3	0.589108910891089	0.268924302788845	8.87775860730582e-24	1.10934831891313e-21	-1.04856226771249	2	2	Down
Hsp90ab1:17:45570567-45570664:-1	UTR3	0.381188118811881	0.192563081009296	1.04437091904667e-23	1.26674550741929e-21	-1.69416815596895	1	2	Down
Carhsp1:16:8658587-8658882:-1	UTR3	0.811881188118812	0.426958831341301	2.96731631518453e-23	3.5134438179554e-21	-0.58583362882758	2	2	Down
Mlec:5:115142981-115143343:-1	UTR3	0.420792079207921	0.121513944223108	4.04330964475271e-21	4.18903726319901e-19	-1.35573032899114	5	5	Down
Kpnb1:11:97159714-97160016:-1	UTR3	0.485148514851485	0.104249667994688	1.08895493631401e-20	1.08307457965791e-18	-1.11735544102051	3	3	Down
Btbd1:7:81792074-81792386:-1	UTR3	0.495049504950495	0.256308100929615	9.40532056902333e-19	7.19579372150047e-17	-0.887587070652268	3	3	Down
B4galt1:4:40804602-40804905:-1	UTR3	0.425742574257426	0.296812749003984	6.73780629202825e-18	4.8561029985879e-16	-0.692472156675586	2	2	Down
Higd1a:9:121848560-121848856:-1	UTR3	0.227722772277228	0.115537848605578	1.00740223614408e-17	6.77001529776285e-16	-1.70037341251925	2	2	Down
St13:15:81363669-81363995:-1	UTR3	0.524752475247525	0.295484727755644	2.83901825018989e-17	1.81285867471658e-15	-0.748553953393361	2	2	Down
Scarb2:5:92441314-92441624:-1	UTR3	0.336633663366337	0.261620185922975	1.87612740386898e-16	1.13780263163908e-14	-1.13697504136493	2	2	Down
Tgoln1:6:72608432-72608748:-1	UTR3	0.346534653465347	0.241035856573705	3.63676971341793e-16	2.12772420997969e-14	-0.994693794607253	3	3	Down
Pabpc1:15:36596059-36597531:-1	UTR3	0.762376237623762	0.292164674634794	2.71571029888273e-15	1.46795949090694e-13	-0.613974589941581	1	2	Down
Pea15a:1:172196728-172197048:-1	UTR3	0.762376237623762	0.51195219123506	2.80474205562606e-15	1.49978303684176e-13	-0.532451307702508	2	2	Down
Ghitm:14:37120799-37121237:-1	UTR3	0.559405940594059	0.293492695883134	3.07850566865403e-15	1.61151670423332e-13	-0.745520770811865	2	2	Down
Dusp3:11:101971143-101971469:-1	UTR3	0.252475247524752	0.268924302788845	5.01604594281013e-15	2.51967641147422e-13	-0.580940259889185	2	2	Down
Csnk1d:11:120961749-120962049:-1	UTR3	0.435643564356436	0.211819389110226	1.67908729157092e-14	8.10689427279823e-13	-0.790273623027345	2	2	Down
Fam168b:1:34813219-34813519:-1	UTR3	0.371287128712871	0.167994687915007	7.29976703694248e-14	3.1843632872557e-12	-0.681034150849551	3	3	Down
Pcmt1:10:7630176-7630614:-1	UTR3	0.311881188118812	0.140106241699867	7.41338450376823e-14	3.20580531628169e-12	-1.41511380661988	2	3	Down
Pcmt1:10:7629373-7629713:-1	UTR3	0.297029702970297	0.0889774236387782	0.000772173838803731	0.00472327244818076	-0.691267242685335	3	3	Down
Cisd2:3:135406412-135406725:-1	UTR3	0.381188118811881	0.162682602921647	1.62530561701497e-13	6.67987176315326e-12	-1.32874401074065	4	4	Down
Rtn3:19:7425901-7426182:-1	UTR3	0.633663366336634	0.299468791500664	8.1172164156511e-13	3.10514747961792e-11	-0.7921730063041	4	4	Down
Tm9sf3:19:41210842-41211161:-1	UTR3	0.138613861386139	0.0969455511288181	9.70941283039017e-13	3.63044436131807e-11	-1.7468262362761	4	4	Down
Tm7sf3:6:146602352-146602688:-1	UTR3	0.430693069306931	0.283532536520584	1.67805056738592e-12	6.1814410900816e-11	-0.676468971979086	2	2	Down
Tmed10:12:85343189-85343591:-1	UTR3	0.821782178217822	0.359229747675963	3.68006833748169e-12	1.28880139734482e-10	-0.57550359672195	1	2	Down
Hspa4:11:53259814-53260115:-1	UTR3	0.282178217821782	0.0889774236387782	5.56177839620399e-12	1.89443314824126e-10	-1.2653880902834	2	2	Down
Hdlbp:1:93405940-93406235:-1	UTR3	0.400990099009901	0.130810092961487	1.67383316533824e-11	5.17016914983047e-10	-0.947960462370589	2	2	Down
Tfpi:2:84440700-84441138:-1	UTR3	0.272277227722772	0.118857901726428	1.79526736607502e-11	5.51102753795745e-10	-1.25233264910274	2	2	Down
Bet1:6:4076899-4077213:-1	UTR3	0.564356435643564	0.208499335989376	2.34453507867463e-10	6.16898039484071e-09	-0.689362043760917	3	3	Down
Lman2:13:55345373-55345823:-1	UTR3	0.5	0.179946879150066	3.00375786276573e-10	7.86194097449158e-09	-0.830468379589131	2	3	Down
Lman2:13:55343833-55344154:-1	UTR3	0.450495049504951	0.157370517928287	1.21252867657303e-07	1.97701806839269e-06	-0.751320959081397	3	3	Down
Tceb1:1:16641725-16642057:-1	UTR3	0.400990099009901	0.110225763612218	4.06971860572759e-10	1.05409951178559e-08	-1.06107333703019	4	4	Down
Tns1:1:73910231-73910557:-1	UTR3	0.173267326732673	0.152058432934927	6.66870632674772e-10	1.63366879620278e-08	-0.848537956138495	2	2	Down
2310022B05Rik:8:124635766-124636059:-1	UTR3	0.574257425742574	0.207835325365206	2.13388427911875e-09	4.86780115598969e-08	-1.01528403784753	3	3	Down
Wwtr1:3:57455649-57455985:-1	UTR3	0.188118811881188	0.104249667994688	4.96440718329085e-09	1.07339117054371e-07	-1.19391694629104	3	3	Down
Pafah1b2:9:45965311-45965637:-1	UTR3	0.237623762376238	0.0883134130146082	5.82994178266598e-09	1.24966812436198e-07	-1.28141522458074	5	5	Down
Cd2bp2:7:127192003-127192435:-1	UTR3	0.202970297029703	0.0677290836653386	5.92225025206482e-09	1.26400645937847e-07	-1.13058149006287	2	2	Down
Ufm1:3:53856081-53856675:-1	UTR3	0.178217821782178	0.0750332005312085	6.08303543307263e-09	1.29277500891753e-07	-1.28669245933425	5	5	Down
Ufm1:3:53856181-53856625:-1	UTR3	0.103960396039604	0.0391766268260292	4.84812200574993e-05	0.000439156843981683	-1.24015678832802	4	5	Down
Rbfox2:15:77078990-77079275:-1	UTR3	0.247524752475248	0.120849933598938	6.34150312851245e-09	1.34197000247202e-07	-0.770745080765781	2	2	Down
St3gal1:15:67102875-67103209:-1	UTR3	0.113861386138614	0.0776892430278884	9.37052774291539e-09	1.92560472998009e-07	-1.30532409945439	2	2	Down
Scrn1:6:54505876-54506308:-1	UTR3	0.0643564356435644	0.138114209827357	1.29553152512977e-08	2.56680409341448e-07	-1.66719141211831	2	2	Down
Ube2l3:16:17152013-17152337:-1	UTR3	0.405940594059406	0.104249667994688	3.1698710481941e-08	5.81688882755324e-07	-0.868391662190366	5	5	Down
Ube2l3:16:17153275-17153803:-1	UTR3	0.366336633663366	0.102921646746348	1.18468454173507e-07	1.94436839143516e-06	-0.859960405145358	2	5	Down
Fam104a:11:113661319-113661742:-1	UTR3	0.143564356435644	0.0531208499335989	3.7429768538483e-08	6.76866323425004e-07	-1.33664706067097	2	2	Down
Dync1li2:8:104417674-104417994:-1	UTR3	0.178217821782178	0.104249667994688	4.65021753795906e-08	8.31853662455769e-07	-1.04288193576245	3	3	Down
Tex261:6:83768885-83769223:-1	UTR3	0.465346534653465	0.136786188579017	5.62711450353164e-08	9.75039736099751e-07	-0.641485288778476	2	2	Down
H2afv:11:6427229-6427552:-1	UTR3	0.316831683168317	0.128818061088977	6.34380963179796e-08	1.07671553921267e-06	-0.991623743328523	2	2	Down
Ssr1:13:37975960-37976416:-1	UTR3	0.118811881188119	0.0378486055776892	7.57698751464661e-08	1.28164486089584e-06	-1.86392844154958	5	5	Down
Armc1:3:19132137-19132557:-1	UTR3	0.351485148514851	0.110889774236388	8.81057411435662e-08	1.48023598211809e-06	-1.061281896144	3	3	Down
Eif4g2:7:111070704-111071154:-1	UTR3	0.465346534653465	0.148074369189907	1.23980324730722e-07	2.00831972275532e-06	-0.762809038063553	2	2	Down
Col4a1:8:11199462-11201748:-1	UTR3	0.47029702970297	0.371181938911023	2.46971300047366e-07	3.76744869673482e-06	-0.540967900413231	1	3	Down
Pdcd6ip:9:113651744-113652094:-1	UTR3	0.133663366336634	0.0564409030544489	2.65269505127502e-07	4.00968160789991e-06	-1.37677746498922	2	2	Down
Mxd4:5:34173883-34174187:-1	UTR3	0.247524752475248	0.240371845949535	2.95414108973994e-07	4.37230465454664e-06	-0.791648659032938	2	2	Down
Prelp:1:133910304-133910616:-1	UTR3	0.420792079207921	0.782204515272244	1.17923730956306e-06	1.58925396760355e-05	-0.588640101390806	3	3	Down
Ubqln1:13:58176156-58176483:-1	UTR3	0.425742574257426	0.112217795484728	1.37226040274429e-06	1.82466603819448e-05	-0.694766984204493	2	2	Down
Pa2g4:10:128557766-128558094:-1	UTR3	0.326732673267327	0.0810092961487384	1.68835355036239e-06	2.23302718243409e-05	-1.1816857024731	3	3	Down
Mcur1:13:43538412-43538708:-1	UTR3	0.103960396039604	0.0916334661354582	3.68516568472041e-06	4.41598287954568e-05	-1.08196903939761	2	2	Down
2210016F16Rik:13:58381248-58381728:-1	UTR3	0.292079207920792	0.154050464807437	3.82720040623769e-06	4.54240277332221e-05	-0.692864606763295	2	2	Down
Tmem183a:1:134346097-134346391:-1	UTR3	0.440594059405941	0.098273572377158	4.9110710004675e-06	5.73304133458331e-05	-0.669309824181945	3	3	Down
Tmem65:15:58782331-58782823:-1	UTR3	0.267326732673267	0.185258964143426	7.12911462636368e-06	8.11283456222118e-05	-0.783497508472666	5	5	Down
Syncrip:9:88463130-88477020:-1	UTR3	0.183168316831683	0.0577689243027888	7.81114983636482e-06	8.7884271801453e-05	-1.43297040113438	1	2	Down
Emc6:11:73175519-73175833:-1	UTR3	0.559405940594059	0.138778220451527	8.69302708002696e-06	9.67123572012843e-05	-0.50117563582056	2	2	Down
Arih2:9:108602942-108603251:-1	UTR3	0.198019801980198	0.0564409030544489	1.35185242187724e-05	0.000142204353148173	-0.689191265761628	2	2	Down
Dnpep:1:75308710-75308988:-1	UTR3	0.148514851485149	0.0903054448871182	1.41713313951146e-05	0.000146820897974802	-1.1152072202413	1	2	Down
Becn1:11:101288236-101288674:-1	UTR3	0.544554455445545	0.208499335989376	1.44496704491959e-05	0.000149393370361437	-0.576260199257054	3	3	Down
Kpna6:4:129643980-129644330:-1	UTR3	0.168316831683168	0.0557768924302789	1.6524458446499e-05	0.000168739490460861	-0.557315282286988	2	2	Down
Pafah1b1:11:74673949-74674248:-1	UTR3	0.232673267326733	0.103585657370518	1.69638344215986e-05	0.000172871206103709	-0.773988688232106	3	3	Down
1500011K16Rik:2:127791388-127791753:-1	UTR3	0.128712871287129	0.100265604249668	1.73025479955271e-05	0.000175603206493381	-1.2990028070747	3	3	Down
Pole4:6:82647271-82647679:-1	UTR3	0.50990099009901	0.130810092961487	1.79874356811313e-05	0.000182182316990358	-0.54749782086855	3	4	Down
Pole4:6:82646675-82647149:-1	UTR3	0.386138613861386	0.0723771580345286	0.00106516109423633	0.00618813799256688	-0.634798533475263	4	4	Down
Erp44:4:48194144-48194444:-1	UTR3	0.410891089108911	0.173306772908367	2.75292523198587e-05	0.000268964581113276	-0.591986937525625	2	3	Down
Rala:13:17880575-17880888:-1	UTR3	0.222772277227723	0.0810092961487384	2.86625405531227e-05	0.0002794878709229	-0.862792482892094	4	4	Down
Aasdhppt:9:4295935-4296451:-1	UTR3	0.331683168316832	0.0896414342629482	3.49422099450845e-05	0.00033225164446827	-0.561947802116868	2	2	Down
Nucb1:7:45492929-45493031:-1	UTR3	0.232673267326733	0.202523240371846	3.59985433453847e-05	0.000337775011427544	-0.722938648105491	2	2	Down
Ube2b:11:51985497-51985959:-1	UTR3	0.49009900990099	0.277556440903054	3.94739187364292e-05	0.000367937352876197	-0.502803005949671	2	2	Down
Smad4:18:73639471-73639969:-1	UTR3	0.138613861386139	0.0856573705179283	4.09234204557456e-05	0.000379686884191088	-0.838824591475453	1	2	Down
Derl1:15:57869759-57870185:-1	UTR3	0.450495049504951	0.157370517928287	5.46250398781299e-05	0.000485957644568765	-0.5900804110109	3	3	Down
Ddx21:10:62580248-62580584:-1	UTR3	0.252475247524752	0.0444887118193891	6.26218316175949e-05	0.000549238745386771	-0.743705061732942	2	2	Down
Pmepa1:2:173224458-173224779:-1	UTR3	0.212871287128713	0.102257636122178	6.30454350916106e-05	0.000551980543504542	-0.81022567988207	3	3	Down
Sgcb:5:73632749-73633071:-1	UTR3	0.148514851485149	0.0962815405046481	6.50817653098196e-05	0.000563170016037829	-1.01598844669772	3	3	Down
Rras2:7:114046785-114047110:-1	UTR3	0.257425742574257	0.0942895086321381	7.28928726741429e-05	0.000623917824111038	-0.703160003989649	2	2	Down
Rabgap1l:1:160256942-160392208:-1	UTR3	0.128712871287129	0.173970783532537	7.86792686805617e-05	0.000662050766748618	-0.500808270475577	1	2	Down
Trappc13:13:104142149-104142455:-1	UTR3	0.113861386138614	0.0411686586985392	8.85398517719852e-05	0.000736879626928846	-1.08143176921325	2	2	Down
Leprotl1:8:34135572-34135895:-1	UTR3	0.227722772277228	0.0843293492695883	9.28498750152154e-05	0.000764474219289182	-1.01309002202011	3	3	Down
Ncl:1:86349613-86350033:-1	UTR3	0.222772277227723	0.0444887118193891	9.78694883784244e-05	0.000801236245706315	-0.980584902625623	2	2	Down
Eif2s2:2:154871410-154871748:-1	UTR3	0.331683168316832	0.0683930942895086	0.000112498015102627	0.000905263153892173	-0.75750681440738	2	2	Down
Atp1a2:1:172273988-172274468:-1	UTR3	0.0297029702970297	0.270916334661355	0.000112750550221967	0.000905491994148318	-1.60176085419641	3	4	Down
Rad23a:8:84835344-84837770:-1	UTR3	0.217821782178218	0.142098273572377	0.000113622857598144	0.000907224367791616	-0.736823540524024	1	2	Down
Dph3:14:32080566-32080872:-1	UTR3	0.148514851485149	0.0737051792828685	0.000121281291394617	0.000962395739970017	-1.07488738113253	3	3	Down
Tbpl1:10:22703879-22704188:-1	UTR3	0.168316831683168	0.051792828685259	0.000121339659956003	0.000962395739970017	-0.968995181626486	2	2	Down
Hnrnpu:1:178328347-178328509:-1	UTR3	0.445544554455446	0.126826029216467	0.000130971738172196	0.00102248422909	-0.746605114153408	2	2	Down
Mrpl40:16:18872018-18872137:-1	UTR3	0.405940594059406	0.149402390438247	0.000137443176056941	0.00106411827410882	-0.536994407295704	2	2	Down
Man1a:10:53904788-53905102:-1	UTR3	0.178217821782178	0.320717131474104	0.00014887737802983	0.00113033160449213	-0.593832444358759	2	2	Down
Smarce1:11:99209047-99209354:-1	UTR3	0.361386138613861	0.0896414342629482	0.000155758235520952	0.00117381704799636	-0.654894005866125	2	2	Down
Nipa2:7:55931287-55931566:-1	UTR3	0.202970297029703	0.049800796812749	0.00017128114917104	0.00127512148926285	-0.756454746652934	2	2	Down
Wdr26:1:181173228-181173538:-1	UTR3	0.188118811881188	0.0710491367861886	0.000205569183775602	0.00149240226411105	-0.577053609764206	3	3	Down
Cfl2:12:54858817-54859122:-1	UTR3	0.331683168316832	0.100265604249668	0.000225305126953422	0.00161913641089504	-0.697468826027378	2	2	Down
Tpm1:9:67029007-67029439:-1	UTR3	0.188118811881188	0.0411686586985392	0.000237871061695968	0.00168749328076184	-1.0338183641488	1	2	Down
Tpm1:9:67027947-67029840:-1	UTR3	0.311881188118812	0.0584329349269588	0.000776772802678114	0.00473974373953161	-0.7067051095703	2	2	Down
Vps26b:9:27007741-27008185:-1	UTR3	0.193069306930693	0.0637450199203187	0.000391240526966624	0.00262215517601755	-0.682723177868032	3	3	Down
Mcmbp:7:128696907-128697413:-1	UTR3	0.103960396039604	0.0438247011952191	0.000403426450249661	0.00270018807145567	-1.11386765213742	4	4	Down
Endod1:9:14353990-14354310:-1	UTR3	0.202970297029703	0.0644090305444887	0.000485906238348987	0.00314636943139259	-0.622535172361065	3	3	Down
Mrps25:6:92174103-92174541:-1	UTR3	0.163366336633663	0.0451527224435591	0.000526701633427275	0.0033670418254827	-0.944418154343156	2	2	Down
Srsf7:17:80200089-80200397:-1	UTR3	0.599009900990099	0.148738379814077	0.000573453761400574	0.0036144303617808	-0.505767892223685	2	2	Down
Gnpnat1:14:45376334-45376875:-1	UTR3	0.193069306930693	0.0544488711819389	0.000790806973619945	0.00480768102666502	-0.827447697870183	5	5	Down
Xpo7:14:70664518-70664950:-1	UTR3	0.148514851485149	0.0564409030544489	0.000913782827398811	0.00546182932770948	-0.567429046491354	2	2	Down
Gfer:17:24693191-24693504:-1	UTR3	0.222772277227723	0.0444887118193891	0.000946645642571713	0.00561774317483189	-0.758857491933291	2	2	Down
Ccng1:11:40748552-40748856:-1	UTR3	0.465346534653465	0.163346613545817	0.00101664628005137	0.00597610159656675	-0.856485012816584	4	4	Down
Pgm3:9:86554688-86554976:-1	UTR3	0.188118811881188	0.0438247011952191	0.00122201139177853	0.00694521445864528	-0.783123705372853	2	2	Down
Hnrnpab:11:51600100-51600429:-1	UTR3	0.356435643564356	0.0557768924302789	0.00127214945763762	0.00721368215830318	-0.712308602603414	3	3	Down
Ptp4a1:1:30940302-30940600:-1	UTR3	0.183168316831683	0.0710491367861886	0.00139052791042349	0.00779604881458403	-0.899787954170128	3	3	Down
Smarca5:8:80699913-80700327:-1	UTR3	0.301980198019802	0.0836653386454183	0.00142609808128301	0.00795065667961929	-0.525114806860286	2	2	Down
Cd2ap:17:42792951-42793817:-1	UTR3	0.143564356435644	0.0810092961487384	0.00151814552117603	0.0083146890713749	-0.680520318927612	2	2	Down
